n_features,auc_mean,auc_std
55,0.6844296400187002,0.025018125593584482
50,0.6688997974131214,0.02985758654052647
