n_features,auc_mean,auc_std
55,0.7082082748948106,0.0627439555984252
50,0.7076554464703133,0.07451858209523014
45,0.6994448340345956,0.06754111016531156
40,0.728758765778401,0.04903919642072644
35,0.7305208820321022,0.04869838510679379
30,0.7719615864110956,0.07942504151030562
25,0.7070075580489326,0.08016506951054708
