n_features,auc_mean,auc_std
25,0.7484618980832165,0.040624306178737545
20,0.7598889668069191,0.04779460668034289
15,0.7635737104565996,0.03797167353331382
10,0.7627840112201962,0.035145286427213304
