n_features,auc_mean,auc_std
55,0.6542648433847592,0.045547929918366925
50,0.6249181860682562,0.04995192334009259
