n_features,auc_mean,auc_std
32,0.7164327177808945,0.0431907942708937
28,0.710459131993143,0.0502726277983587
24,0.7084083294374318,0.04324582772376835
20,0.7103991351098645,0.05091875254925441
18,0.7322333255415303,0.07450635295104187
16,0.7124606513947327,0.05221104865938373
