n_features,auc_mean,auc_std
22,0.6850954495870344,0.02338047136239271
20,0.6968425666199158,0.03090004474727544
18,0.7283528128408914,0.035880082792515935
16,0.6919841826398629,0.04627255304778486
