n_features,auc_mean,auc_std
55,0.7660655290634253,0.02906076606116777
50,0.7790069347046906,0.019593602902684467
45,0.7763514882343774,0.03528393016571896
40,0.7584673523453327,0.028321144965444096
