n_features,auc_mean,auc_std
55,0.7833345021037867,0.06480220016103688
50,0.7564905719183419,0.0449299284550998
