n_features,auc_mean,auc_std
22,0.7750635031946393,0.07565658115065284
17,0.7588869409381331,0.07939434824733096
