n_features,auc_mean,auc_std
25,0.7484618980832165,0.040624306178737545
20,0.7599380551659654,0.03642283745541428
15,0.7803958235935795,0.028148029455358225
10,0.7753276453171264,0.042334323095266496
