feature,importance
Dialister_pneumosintes,0.11179588865447018
Blautia_sp_CAG_257,0.1113152233884624
Citrobacter_portucalensis,0.10827040611495878
Clostridium_scindens,0.10282354133765279
Ruminococcus_bicirculans,0.08448404154882026
Dialister_invisus,0.07425754508830035
Streptococcus_vestibularis,0.06430309580025641
Lactobacillus_farciminis,0.062311537120356655
