n_features,auc_mean,auc_std
25,0.7414520024933771,0.07217431427883196
20,0.7523671497584541,0.06948410138054364
18,0.7574053295932679,0.0714471651680091
16,0.7708177497272868,0.08082649209798583
14,0.7683013869409382,0.0825309651193453
12,0.7744124980520493,0.09241766525751641
10,0.7727485585164408,0.09029062589808949
8,0.7785491662770765,0.08670651350396003
6,0.7567515973196197,0.08476639211515684
