feature,importance
Blautia_sp_CAG_257,0.07590044207144303
Erysipelatoclostridium_ramosum,0.06342970827981503
Dialister_invisus,0.06039575686791508
Clostridium_scindens,0.05953206178227175
Escherichia_coli,0.058795457629397765
Citrobacter_portucalensis,0.04931938919140013
Bifidobacterium_longum,0.04484556400907528
Eubacterium_rectale,0.044203317774831836
Dialister_pneumosintes,0.04416811041834456
Streptococcus_vestibularis.1,0.042044596798502226
