n_features,auc_mean,auc_std
26,0.6850502571294997,0.07138570439978087
20,0.703108734611189,0.07467272561468889
18,0.6919947015739443,0.07982924538035222
16,0.6944362630512702,0.06931693017422672
14,0.7089216144615864,0.0773584848954683
12,0.7107217157550256,0.0727312600891715
10,0.7169596384603396,0.05226181134356482
8,0.71310737104566,0.06103646254894837
6,0.7139868708119058,0.07910729138379238
4,0.6960727364812218,0.07996901444010648
