n_features,auc_mean,auc_std
24,0.773947327411563,0.09320998858996994
20,0.7741242013401901,0.06385709921846386
18,0.7844647031323048,0.07210931125888423
16,0.7832390525167524,0.06795559137904125
14,0.7824493532803491,0.07237892943860105
12,0.7933399563659032,0.061560647434262476
10,0.797209755337385,0.060997982556355225
8,0.7938218793828892,0.06193755020133016
6,0.7874248091008259,0.06136310609650167
4,0.739820788530466,0.07535728035955308
