fold,auc
1,0.6858345021037868
2,0.7040673211781207
3,0.8008415147265078
4,0.7805555555555556
5,0.7472222222222222
