,Test AUC,CV AUC Mean,CV AUC Std
dense,0.7877984084880636,0.7445730091943276,0.03142085109897547
attention,0.8267020335985854,0.7437042231572386,0.04371511344633724
