n_features,auc_mean,auc_std
32,0.7720893719806763,0.05038222858252619
27,0.786365123889668,0.04514075555370098
22,0.7818525011687705,0.045823010025305894
17,0.7672662459093034,0.060866126214162763
