fold,auc
1,0.7110799438990182
2,0.7096774193548387
3,0.7882187938288919
4,0.7708333333333334
5,0.7430555555555556
