n_features,auc_mean,auc_std
55,0.752582203521895,0.035834708347085825
50,0.7621139161601995,0.03451346015562858
45,0.7690747233909926,0.03833960498652589
40,0.7691429016674458,0.01968206495517473
35,0.8023266323827334,0.030239218622354867
30,0.7708477481689263,0.022919340506700903
