n_features,auc_mean,auc_std
22,0.7700907745052206,0.04290983748993097
17,0.7714932990494,0.03337745805231589
12,0.7840396602773883,0.01928058913894758
7,0.7579717936730559,0.02924732278310212
