fold,auc
1,0.6998597475455821
2,0.6002805049088359
3,0.6016830294530155
4,0.688888888888889
5,0.6888888888888889
