fold,auc
1,0.7237026647966339
2,0.5834502103786817
3,0.7166900420757364
4,0.7083333333333334
5,0.7569444444444444
