n_features,auc_mean,auc_std
24,0.7622366370578151,0.08306131383397206
20,0.7686391616019949,0.08445194194259077
18,0.77588592800374,0.0837850531987869
16,0.7737127941405642,0.07241293651942034
14,0.782122487143525,0.06705949001445846
12,0.7816078385538414,0.06464863077443656
10,0.7703903693314633,0.06029121001035605
8,0.7627921926133706,0.05551379885724583
