n_features,auc_mean,auc_std
32,0.7946333956677575,0.022457986356736726
28,0.7965860215053763,0.04423356790538999
24,0.8052598566308244,0.020778003989598153
20,0.8111122798815646,0.029226863475238354
18,0.8006276297335203,0.03477554382900203
16,0.8078253077762193,0.02334790829435641
14,0.7968419822346892,0.0077183944008537165
12,0.7944292504285493,0.029609631745007466
