n_features,auc_mean,auc_std
25,0.7669343151005144,0.03529376209504535
20,0.7585628019323672,0.050076453763307854
15,0.7530127006389279,0.03241830741259583
10,0.7659159264453794,0.03655515676427984
