n_features,auc_mean,auc_std
22,0.7718828892005611,0.05651216565355747
20,0.7740942028985508,0.04885590397603512
18,0.7783045036621475,0.04439066946721186
16,0.7763300607760636,0.04465457945991403
14,0.7760768271778089,0.0463752527066651
12,0.7705458158017765,0.05700008645921181
10,0.764905719183419,0.057101196778026844
8,0.7738300607760636,0.049399599414637514
6,0.7470843073087112,0.0632840868000755
