n_features,auc_mean,auc_std
22,0.766950677886863,0.036093601839724904
17,0.7801425899953248,0.043434702979711845
12,0.7717574411718873,0.0324912210802832
7,0.7351067477014182,0.015078791879919283
