n_features,auc_mean,auc_std
55,0.777930886707184,0.05246897966397249
50,0.7844643135421536,0.06354628699259952
45,0.7807986598098801,0.06318833854020814
40,0.7833095683341125,0.03703655057799226
35,0.8012182484026804,0.05326534120901571
30,0.8028630980208821,0.04541982167025889
25,0.7821330060776064,0.05695248529439609
