n_features,auc_mean,auc_std
22,0.7386418887330528,0.05446254024257056
20,0.7640696587190277,0.05833429655990414
18,0.754320165186224,0.043078432904693695
16,0.7648266323827334,0.040345338325651084
14,0.7816405641265389,0.03641501631242746
12,0.7671552127162226,0.05882248159002644
10,0.7654421848215677,0.036557317616767525
