n_features,auc_mean,auc_std
55,0.6783594358734613,0.048066000420684894
50,0.6693112046127475,0.04837092626676069
45,0.6312879850397383,0.03751548799359529
