n_features,auc_mean,auc_std
32,0.7739469378214119,0.026720084003633317
28,0.7574898706560699,0.018979076288816975
