n_features,auc_mean,auc_std
26,0.685175510363098,0.06865036670855384
20,0.692596618357488,0.08045950887235669
18,0.678153342683497,0.09297374559203335
16,0.7143682795698925,0.06837809895598328
14,0.6790155056880163,0.05653818116455988
