n_features,auc_mean,auc_std
25,0.7257437275985664,0.050474897318114664
20,0.7453736169549634,0.049346545343387394
18,0.7305750350631136,0.06101842566347662
16,0.7400412965560231,0.06407473840565753
14,0.7534837151316814,0.06394788245288324
12,0.7769997662459093,0.0303188070241082
10,0.7651640174536387,0.09709638926718638
8,0.7262774661056568,0.0814713787009164
