n_features,auc_mean,auc_std
22,0.7631217858812528,0.06286727069238159
17,0.7599462365591397,0.060557126129857086
12,0.7798511765622564,0.06709237830023532
7,0.7723239052516754,0.05681096714801974
