n_features,auc_mean,auc_std
25,0.738973819541842,0.046321290901391234
20,0.7518088670718405,0.06485667142763218
18,0.7511387720118436,0.06878193426193918
16,0.7316425120772948,0.06759183348546717
