n_features,auc_mean,auc_std
26,0.7585737104565997,0.03149756510202716
20,0.7619152251831073,0.03457467712342185
18,0.7644343151005142,0.03677234759212291
16,0.7540774505220508,0.03589844976449652
14,0.7619152251831073,0.025270030346657077
12,0.7658204768583451,0.032525173353785096
10,0.7672448184509895,0.030751620743824048
8,0.7439251207729469,0.04952125533287124
