n_features,auc_mean,auc_std
24,0.7713109708586566,0.06689505354070167
20,0.7676889512233129,0.06322195922544406
18,0.7816432912575971,0.06260210700788943
16,0.7704094592488702,0.05314002403572055
14,0.795055711391616,0.06311267163402116
12,0.7751944054854294,0.05801225397046605
