n_features,auc_mean,auc_std
25,0.6656030855539973,0.061712519335440016
20,0.6768830839956366,0.04048999008573827
18,0.7072265077138848,0.027928022582564785
16,0.6961915614773259,0.03988843236542101
14,0.6909151472650772,0.04911855710005382
