n_features,auc_mean,auc_std
32,0.7625935016362787,0.023465265905351335
28,0.7751807698301387,0.02844208224091817
24,0.7776834969611969,0.028212175829278884
20,0.7771470313230482,0.027961330657924142
18,0.7752162225338944,0.03213355947658395
16,0.7765560230637369,0.01762559990367878
14,0.7798920835281283,0.01763923263212783
12,0.786272791023843,0.016186294278868783
10,0.7905021817048465,0.015972351448793
8,0.7857445067788686,0.017729152013545094
6,0.7723429951690821,0.03528583910891532
