n_features,auc_mean,auc_std
26,0.7585737104565997,0.03149756510202716
20,0.7652540127785569,0.041308386519509174
18,0.7627567399096151,0.04183957480300497
16,0.7703221910550101,0.037687809329121476
14,0.7761991584852734,0.03369694485058982
12,0.7758695652173913,0.04239777723361001
10,0.7806054230949041,0.04297982717879616
8,0.7809431977559609,0.03332526120093601
6,0.7700089605734768,0.03205366515873398
4,0.7379336138382422,0.02715499479146641
