n_features,auc_mean,auc_std
24,0.779622487143525,0.0637764135438701
20,0.7603876422004052,0.06370678202190513
