n_features,auc_mean,auc_std
26,0.7585737104565997,0.03149756510202716
20,0.757190275829827,0.03585934683529897
18,0.7706299672744272,0.035772476600939004
16,0.7644888577216767,0.043800017829515626
14,0.7653303724481846,0.041231780036084104
12,0.7628140096618358,0.028544587066565603
10,0.7519643135421535,0.03584373844410383
