feature,importance
Faecalicoccus_pleomorphus,0.10469860762663082
Dialister_pneumosintes,0.10106464263556736
Olsenella_sp_KGMB02461,0.0924131115545202
Citrobacter_portucalensis,0.08608907803959574
Clostridium_scindens,0.07016869054348612
Eubacterium_rectale,0.06254539588485
Blautia_sp_CAG_257,0.05658100185860872
