n_features,auc_mean,auc_std
22,0.7675335047529999,0.053142144440678184
17,0.7684159264453795,0.02672308258118713
12,0.7969592488701885,0.04980679086996416
7,0.7994292504285492,0.02555075508509369
