n_features,auc_mean,auc_std
55,0.7819043166588748,0.04485753867683959
50,0.7819043166588748,0.045464523832774634
45,0.781626538881097,0.04570508084396235
40,0.7900416861461742,0.0366690571893455
35,0.791446937821412,0.03978247918306037
30,0.7858504752999844,0.03876936985314259
25,0.7847529998441639,0.033028340550921145
20,0.7813896680691913,0.03758848158371007
15,0.7699598722144304,0.04922878698861438
