,mean,std,cv
Blautia_sp_CAG_257,0.15234890911599705,0.00931698192480297,0.06115555391150918
Dialister_invisus,0.13905239754951348,0.010503169209308992,0.07553389509568899
Citrobacter_portucalensis,0.13093421067003586,0.008136901744076842,0.06214496350829541
Clostridium_scindens,0.12084238675955214,0.008394713416403524,0.0694682854378491
Ruminococcus_bicirculans,0.11884240910366087,0.008539044580745097,0.07185183004239568
Dialister_pneumosintes,0.1171108462730995,0.005951960951268245,0.050823310911684676
Streptococcus_vestibularis,0.11555911915750164,0.004518719143783759,0.03910309438777357
Lactobacillus_farciminis,0.10530972137063951,0.0054439178351173,0.05169435228071045
