n_features,auc_mean,auc_std
24,0.6884696898862398,0.039784061344526805
20,0.6834042387408445,0.02994295475284342
18,0.6967418575658407,0.04422131120473144
16,0.6925915536855228,0.0450846261276539
14,0.6802004441327724,0.041484415611277
