n_features,auc_mean,auc_std
55,0.7549625993454885,0.06762262892838473
50,0.765861383824217,0.0609695265126778
45,0.73945301542777,0.0854917256779049
