n_features,auc_mean,auc_std
25,0.76579865980988,0.06010635424140012
20,0.7467052360916315,0.09318559565847641
