n_features,auc_mean,auc_std
32,0.7821657316503039,0.05099246992632549
27,0.787408056724326,0.06217499046861917
22,0.7846302789465482,0.04867285422999423
17,0.8028140096618357,0.05961236481034826
12,0.8109213807074956,0.042061201048768516
7,0.8115723858500857,0.0252934532709575
