n_features,auc_mean,auc_std
22,0.7769070437899329,0.06925332342981383
17,0.7950962287673369,0.07328970921431753
12,0.8147206638616176,0.08239667852044269
7,0.8098133863175938,0.06501197638517171
