n_features,auc_mean,auc_std
55,0.7469806763285025,0.04281576292342183
50,0.7705049088359047,0.04617633997534099
45,0.7747697522206638,0.06074319299263098
40,0.7619428860838398,0.0746060208649412
35,0.7886804581580178,0.06538205279698356
30,0.786403693314633,0.05072951648567269
25,0.8059435873461119,0.04042219762931218
20,0.7981603553062178,0.07218701859824819
15,0.8084572230014023,0.051342368541401076
10,0.7955539971949508,0.05080354941947211
