n_features,auc_mean,auc_std
32,0.7625935016362787,0.023465265905351335
28,0.7631408757986599,0.02003589901878283
24,0.7732335982546361,0.02971083764507985
20,0.7858345021037868,0.03270099426633383
18,0.7833017765310893,0.031181344641415105
16,0.7796797568957456,0.02996367454395226
14,0.7631572385850085,0.031219958352306204
