n_features,auc_mean,auc_std
22,0.7158730715287518,0.02563622566308397
17,0.7148981221754713,0.028419047532694152
12,0.7264233676172667,0.009049817906770284
7,0.6858742402992052,0.02836044968860589
