n_features,auc_mean,auc_std
32,0.7692028985507247,0.022917581979925057
28,0.7753412809724171,0.038605113926121856
24,0.7848020882032103,0.03231255978894818
20,0.7741838086333177,0.039680929206258604
18,0.7928930964625214,0.04887423414379326
16,0.7942601683029452,0.05041615696125984
14,0.7726507713884992,0.0781560994487715
