n_features,auc_mean,auc_std
55,0.7556490571918342,0.06153563659658733
50,0.7564960261804581,0.058977406063944554
45,0.7564960261804581,0.08292862949892531
40,0.7562482468443197,0.07993098546915092
35,0.7699384447561165,0.05342993809788889
30,0.7576753155680225,0.07556176380895156
25,0.7826698613059063,0.04306874381595015
20,0.7785141031634721,0.04415875095608648
15,0.7248071528751753,0.009953893872599512
