fold,auc
1,0.7180925666199158
2,0.7769985974754559
3,0.7223001402524544
4,0.7055555555555556
5,0.7305555555555555
