fold,auc
1,0.6984572230014026
2,0.7840112201963534
3,0.85273492286115
4,0.6416666666666666
5,0.7055555555555555
