,Test AUC,CV AUC Mean,CV AUC Std
dense,0.757736516357206,0.7364851176562256,0.07371030438753397
attention,0.8010610079575597,0.7307004830917875,0.024516643725666767
