n_features,auc_mean,auc_std
26,0.7781381486676017,0.040991356883144814
20,0.7558695652173912,0.02496289930998332
