n_features,auc_mean,auc_std
55,0.7445075580489326,0.028330574740491738
50,0.7462205859435874,0.025460559047623458
45,0.7456623032569737,0.025796496275984755
40,0.7436987688951222,0.02604599547471921
35,0.7515638148667602,0.02374084252168442
30,0.7683450210378682,0.025315543039015325
25,0.7711282530777623,0.026089106120180252
20,0.7733777466105657,0.028854330288593962
15,0.7943038023998753,0.02412852009290119
10,0.7990451145395044,0.018040223761560736
