n_features,auc_mean,auc_std
55,0.6876036309802089,0.02556686007109011
50,0.7133907978806295,0.03485306599017395
45,0.701887564282375,0.032840189903601484
40,0.6971626149290946,0.020115115679120856
