n_features,auc_mean,auc_std
32,0.6889666121240454,0.0272665507545029
27,0.70608559295621,0.03803503016057905
22,0.709647615708275,0.02186032412245872
17,0.7264083683964468,0.014977141826214251
12,0.7432711937042231,0.05096549273263315
7,0.6639420679445224,0.0793386654352202
