n_features,auc_mean,auc_std
22,0.6994775596072931,0.06458218743171273
17,0.7230915926445379,0.059543294872293304
12,0.7273414368084775,0.06101465745643584
7,0.7156307464547297,0.0423066395389453
