n_features,auc_mean,auc_std
24,0.7917414679756896,0.07063353282086292
20,0.763750973975378,0.05732504800831822
