n_features,auc_mean,auc_std
32,0.7603163472027428,0.06242903448111831
27,0.756454729624435,0.055237070099293066
22,0.7686687704534829,0.06761217360523016
17,0.7751094748324763,0.06417548028337058
12,0.7659346267726352,0.059190697867702986
7,0.6951605111422783,0.0731796285798846
