n_features,auc_mean,auc_std
32,0.7815342060152719,0.012298799294265023
28,0.7748266323827334,0.017957213218834978
24,0.7566429016674459,0.023762896375617553
