n_features,auc_mean,auc_std
22,0.7204632226897305,0.02842591312860326
17,0.7295987221443042,0.018397719719962975
12,0.7331077606358111,0.019704182190100967
7,0.7297198846813152,0.028495368516287246
