n_features,auc_mean,auc_std
22,0.7927080411407199,0.03914586468480268
17,0.7935850085709832,0.04075022185141979
12,0.8178334891693938,0.015795610179057885
7,0.8106249026024621,0.0428345638127677
