n_features,auc_mean,auc_std
22,0.7937291569269129,0.03773374459580556
17,0.7929476390836839,0.028061980833782703
12,0.8094183419043166,0.03149691745820464
7,0.7726858345021037,0.03480522096364407
