n_features,auc_mean,auc_std
25,0.6564866760168303,0.04355541322035744
20,0.6532024310425433,0.0428726340089974
18,0.6691353046594981,0.03963099269211944
16,0.6829371201496026,0.04110243501785175
14,0.6754357565840735,0.05358070731934554
12,0.6696390447249494,0.0468034547749224
10,0.6765971248246845,0.05572630587689148
8,0.6450473352033661,0.04355464052295076
