n_features,auc_mean,auc_std
32,0.7625935016362787,0.023465265905351335
28,0.7670324918186069,0.029869653927461232
24,0.7708695652173913,0.024494343313582845
20,0.7722993610721521,0.03181597269944334
18,0.7832008726819385,0.03582898312032019
16,0.7803903693314633,0.04295764751613505
14,0.7795815801776531,0.03958899968335996
12,0.7798866292660123,0.044012907691357704
10,0.7399680536076048,0.0774149621302275
