n_features,auc_mean,auc_std
22,0.7858177497272869,0.05093549376194833
17,0.7976846657316503,0.05214358717515137
12,0.7871462521427459,0.05881693676496798
7,0.7641530310113761,0.05381713816789638
