n_features,auc_mean,auc_std
55,0.7494506778868629,0.06584699884361107
50,0.749733909926757,0.06805913653159312
45,0.7547884525479196,0.07686662368580789
40,0.7614796633941094,0.07440730594300059
35,0.7670733987844788,0.07920142788206298
30,0.7595515817360138,0.07711989767700393
25,0.7673511765622566,0.06860959906032195
20,0.7738436964313543,0.06797244475017578
15,0.7609813775907746,0.06612018231403116
10,0.7426721988468132,0.059569782616054744
