n_features,auc_mean,auc_std
24,0.6895141810815023,0.028779647153746774
20,0.7017270531400966,0.04327985173595435
18,0.6950042854916628,0.0261726621897199
16,0.6983635265700483,0.026775641703071132
14,0.6935144927536232,0.04891932700941986
12,0.6998858500857099,0.02599334842529588
10,0.6720356085398161,0.07639932135058383
