n_features,auc_mean,auc_std
55,0.7800416861461741,0.015780120534969806
50,0.7749598722144304,0.02973955412462979
45,0.7574407822970237,0.039885870221829205
