n_features,auc_mean,auc_std
55,0.7690965404394576,0.02894692663985095
50,0.7498453327099892,0.023962961410663744
