n_features,auc_mean,auc_std
26,0.7675989558983949,0.05434385382024742
20,0.7611555243883436,0.043934645628394546
18,0.7898866292660122,0.030263709508926304
16,0.7924329904940002,0.02450944603861233
14,0.7842956210067008,0.035854067144971045
12,0.7960168302945302,0.036485426839317235
10,0.7914687548698769,0.05127773187454312
8,0.7864714820009351,0.02770478025604259
6,0.7806081502259623,0.033661695270740095
