n_features,auc_mean,auc_std
55,0.762558048932523,0.028732118007095526
50,0.7333937198067633,0.041432378649026956
