n_features,auc_mean,auc_std
22,0.7524789621318374,0.045754348360324056
17,0.7844074333800841,0.04760046479533204
12,0.787925822035219,0.029487980116809753
7,0.7619670406732119,0.024130223601153467
