n_features,auc_mean,auc_std
55,0.7671302789465482,0.04146444316723087
50,0.7498262427925823,0.02328927896011765
