fold,auc
1,0.7924263674614307
2,0.7924263674614305
3,0.8064516129032258
4,0.6236111111111111
5,0.7749999999999999
