fold,auc
1,0.7503506311360448
2,0.8148667601683028
3,0.8050490883590463
4,0.7208333333333333
5,0.7916666666666666
