,Test AUC,CV AUC Mean,CV AUC Std
dense,0.7374005305039788,0.7765532959326787,0.035495463307868645
attention,0.7011494252873562,0.7579830917874395,0.0679224268904679
