n_features,auc_mean,auc_std
22,0.7491074489636901,0.07315881591640884
17,0.764126538881097,0.06264206538474608
12,0.7703085553997194,0.0677899923299573
7,0.7683341125136357,0.05159786140726625
