n_features,auc_mean,auc_std
22,0.7651207729468599,0.0591683516048793
17,0.7662646096306686,0.04352718035218503
12,0.7897479351721989,0.040530276031292306
7,0.7329172510518935,0.01653910773546457
