fold,auc
1,0.6652777777777779
2,0.8277777777777778
3,0.8092566619915849
4,0.8302945301542777
5,0.8106591865357643
