,precision,recall,f1-score,support
0,0.8095238095238095,0.8717948717948718,0.8395061728395061,39.0
1,0.8076923076923077,0.7241379310344828,0.7636363636363637,29.0
accuracy,0.8088235294117647,0.8088235294117647,0.8088235294117647,0.8088235294117647
macro avg,0.8086080586080586,0.7979664014146772,0.8015712682379349,68.0
weighted avg,0.8087427278603749,0.8088235294117647,0.8071499306793425,68.0
