fold,auc
1,0.65
2,0.7666666666666666
3,0.7279102384291725
4,0.8653576437587658
5,0.7699859747545582
