,Test AUC,CV AUC Mean,CV AUC Std
dense,0.8576480990274093,0.7559841047218325,0.06970439434912068
attention,0.8576480990274093,0.7886531868474366,0.06228160861966972
