fold,auc
1,0.729312762973352
2,0.6339410939691446
3,0.7124824684431977
4,0.6958333333333333
5,0.7805555555555556
