fold,auc
1,0.7377279102384292
2,0.6493688639551193
3,0.7166900420757363
4,0.7027777777777778
5,0.6527777777777778
