n_features,auc_mean,auc_std
32,0.7675689574567555,0.026795580061724153
28,0.7815260246220975,0.014458169662885616
24,0.7748075424653265,0.031619295830474035
20,0.7690287517531557,0.04580362976749006
18,0.7838327879071217,0.030611550851874548
16,0.7826289543400342,0.020961175589388346
14,0.7800366214742092,0.04561640261094622
12,0.7964800529842605,0.04700768474733159
10,0.7760495558672277,0.03167373435908161
