n_features,auc_mean,auc_std
32,0.697972767648434,0.01148290147662258
27,0.6941341358890447,0.027386529252402474
22,0.7146598877980364,0.03848914619737527
17,0.710455041296556,0.022220790801141536
12,0.7416904316658876,0.04419557805774637
7,0.6961467586099424,0.018544891507099197
