n_features,auc_mean,auc_std
24,0.7690832943743182,0.08429455673123065
20,0.770513090229079,0.06772110791328813
18,0.7701753155680225,0.06021665150549609
16,0.7622448184509896,0.06353117504198678
14,0.7745597631291881,0.058371897816557265
12,0.7843256194483403,0.0686073061078609
10,0.7479854293283466,0.08615041819321934
