n_features,auc_mean,auc_std
32,0.7910628019323671,0.06207952183077985
27,0.7836309802088204,0.03302216422387982
22,0.7908995636590308,0.030308416551947492
17,0.7918415926445379,0.06438727716791358
12,0.8048375409069658,0.030737179821353412
7,0.8113382421692379,0.028139716453903466
