n_features,auc_mean,auc_std
22,0.7858722923484495,0.09636339297871181
17,0.7836637057815179,0.06617303086019874
12,0.7846984572230014,0.07818341857778889
7,0.7840942028985507,0.06731502722569534
