n_features,auc_mean,auc_std
25,0.7439301854449119,0.07763934144753469
20,0.7434318996415771,0.08612933216350356
18,0.7269993766557582,0.0737479115879961
