n_features,auc_mean,auc_std
55,0.6562761025401278,0.05391514099940176
50,0.6538725261025402,0.032107995721692116
45,0.6427300529842606,0.04536888233543319
40,0.6347002103786816,0.050016015450510695
