n_features,auc_mean,auc_std
55,0.6822685834502105,0.02534082217593874
50,0.7037761025401277,0.019315017830884414
45,0.6912161056568491,0.01664898737308644
40,0.7031784712482468,0.029337428681283043
35,0.6967159498207885,0.024007642735356355
30,0.7105543867851021,0.03289510250223178
25,0.7363226585631916,0.014385349767189439
20,0.7171421614461587,0.025739502304372948
