n_features,auc_mean,auc_std
32,0.7603163472027428,0.06242903448111831
27,0.7606104877668693,0.05967595151939555
22,0.764428471248247,0.07164800987716588
17,0.7750685678666044,0.062411878468231576
12,0.7751749259778713,0.04320872486879364
7,0.7400631136044881,0.08111754209704362
