n_features,auc_mean,auc_std
105,0.5675698673423177,0.03315601728971319
95,0.6068193263373958,0.014740828200939537
85,0.5987335636873691,0.04030997586069052
75,0.5925469246948782,0.024448026176103792
65,0.6137068743205736,0.03658802268590069
55,0.638422774874801,0.019321639009511008
45,0.641018051356167,0.012778988098662606
35,0.6500206430685427,0.019582671450075608
25,0.6348094818208143,0.025262917221999408
