n_features,auc_mean,auc_std
22,0.7054143291257595,0.054666675740788255
17,0.7196098254636122,0.055754681721197026
12,0.7404840657628176,0.04811254365727334
7,0.7432959326788219,0.06662783647279699
