Model,Accuracy,AUC,CV_Mean,CV_Std
Random Forest,0.696,0.6265215355805245,0.6987035175879397,0.011865657096761222
SVM,0.708,0.5702247191011236,0.7086984924623115,0.0063079919831530796
Logistic Regression,0.692,0.6247659176029963,0.6946884422110552,0.013910566160759063
Gradient Boosting,0.68,0.570770911360799,0.6756783919597991,0.02078078108744901
Neural Network (MLP),0.692,0.5440855181023722,0.8,0.0
Attention Network,0.696,0.5519662921348315,0.8,0.0
Advanced Attention,0.672,0.5614856429463172,0.8,0.0
