n_features,auc_mean,auc_std
26,0.7532441171887173,0.03860794744005161
20,0.7358555399719495,0.02866687356947798
