n_features,auc_mean,auc_std
32,0.7851585631915226,0.06359246331545751
27,0.7848889668069191,0.05907795371397158
22,0.7762478572541687,0.05198302250620447
17,0.7969643135421538,0.041638306355721896
12,0.8131326944054853,0.05110204673562915
7,0.7827649213027895,0.03641248554495921
