n_features,auc_mean,auc_std
55,0.7716319931432134,0.041119097856398126
50,0.7982308711235779,0.022778718542667498
45,0.7764305750350632,0.042472764952495495
