n_features,auc_mean,auc_std
26,0.7574162381175003,0.04485775463194322
20,0.7681326944054854,0.02202203698216429
18,0.7539114851176562,0.03501512125998786
16,0.7725716845878137,0.027323922557838064
14,0.7706026959638461,0.038368148412927884
12,0.7859213807074956,0.04472573822565558
10,0.7942410783855384,0.050335617582799086
8,0.782538959015116,0.03504821334225929
6,0.7509700794763908,0.036077517113736274
