n_features,auc_mean,auc_std
32,0.7883317749727288,0.027017615341425088
28,0.7607168458781361,0.039604587720517496
