n_features,auc_mean,auc_std
22,0.6944037322736482,0.07382173606671895
17,0.701827177808945,0.08116226847499385
12,0.7221688483715132,0.05117518976918048
7,0.6932454807542465,0.07454801513842886
