n_features,auc_mean,auc_std
55,0.7586337073398784,0.03865107856788639
50,0.7583532024310425,0.039925855385243555
45,0.7600716845878136,0.05277254256187826
40,0.763996026180458,0.05888547953357963
35,0.7684868318528908,0.06384982812716875
30,0.7698784478728378,0.05099034999644102
25,0.7799548075424653,0.0542194633345855
20,0.7850257129499767,0.05124871752288256
15,0.7755049088359046,0.044373724377310075
10,0.7575553218014648,0.0613078824979402
