n_features,auc_mean,auc_std
105,0.5848964720884746,0.028625038421822704
95,0.612924839954623,0.029896195441905807
85,0.5895238746049289,0.03325012882099811
