n_features,auc_mean,auc_std
24,0.7672993610721521,0.07694643522710504
20,0.7659131993143213,0.06364158285267801
18,0.7745379460807232,0.05758375343205703
16,0.7778521894966495,0.05562361936155905
14,0.7862182484026803,0.05154142584219488
12,0.7814523920835281,0.06350161591427855
10,0.7468252298581892,0.08233428792421359
