fold,auc
1,0.667601683029453
2,0.7405329593267882
3,0.6858345021037868
4,0.6527777777777778
5,0.4930555555555556
