fold,auc
1,0.6802244039270687
2,0.7769985974754557
3,0.6858345021037868
4,0.7138888888888888
5,0.6
