fold,auc
1,0.6802244039270687
2,0.7601683029453015
3,0.6788218793828892
4,0.7180555555555556
5,0.6166666666666667
