fold,auc
1,0.6886395511921458
2,0.7503506311360448
3,0.7124824684431977
4,0.7305555555555556
5,0.5736111111111111
