n_features,auc_mean,auc_std
22,0.7548971482000935,0.0699801196402336
17,0.7415092722455976,0.05701409244237964
12,0.7798702664796634,0.0450211757281148
7,0.7902980364656381,0.07128380208713468
