fold,auc
1,0.7694444444444444
2,0.8069444444444445
3,0.844319775596073
4,0.7054698457223002
5,0.7363253856942497
