fold,auc
1,0.7777777777777778
2,0.7486111111111111
3,0.8176718092566619
4,0.6423562412342215
5,0.7124824684431977
