,Test AUC,CV AUC Mean,CV AUC Std
dense,0.7320954907161803,0.739779881564594,0.05970845432576439
attention,0.7851458885941645,0.7725007791803022,0.04930614695783115
