n_features,auc_mean,auc_std
32,0.7027343384759233,0.03674798570415191
28,0.7065320632694405,0.05447867664494422
24,0.7254020570359981,0.02349247301416227
20,0.724574177964781,0.05174802026929593
18,0.7318659420289855,0.027820810669048568
16,0.7422648823437744,0.03712786047463784
14,0.7419545737883746,0.014493924710573695
12,0.7451285647498831,0.033735362885155024
10,0.7393482156771077,0.03028010292516101
8,0.7237667523764999,0.055988463367835445
