n_features,auc_mean,auc_std
26,0.6765098566308244,0.08716856692484433
20,0.694227832320399,0.06951212454264767
18,0.6932556100981768,0.08439346621947248
16,0.7111601994701574,0.05916495161167726
14,0.6958346968988623,0.06509793693740308
