n_features,auc_mean,auc_std
24,0.7609186535764375,0.04039872811278372
20,0.7416319931432133,0.048945726207620756
