n_features,auc_mean,auc_std
26,0.7525062334424186,0.030682925334582486
20,0.7507441171887175,0.03385821058635684
18,0.783946937821412,0.0292033346027868
16,0.7518306841203055,0.023913570936124756
