n_features,auc_mean,auc_std
105,0.5860117364516396,0.024440393075727908
95,0.6071222064826675,0.0421198946296935
85,0.5843439439092126,0.01568987542820516
