n_features,auc_mean,auc_std
25,0.7304550412965561,0.10882630267209746
20,0.7635082593112046,0.0701845918749207
18,0.7345944366526413,0.0937455369563473
