n_features,auc_mean,auc_std
55,0.7494779491974443,0.05941592486483318
50,0.7304881564594048,0.07705037280648046
