n_features,auc_mean,auc_std
55,0.6862881798348137,0.04028920183234751
50,0.7078895901511609,0.02897602562667965
45,0.6900763596696275,0.017115931903125388
