n_features,auc_mean,auc_std
55,0.774431587969456,0.02762229224731665
50,0.7691347202742713,0.026608355166347165
45,0.7565010908524232,0.03032722564838257
