n_features,auc_mean,auc_std
24,0.7608750194795075,0.08295845236833051
20,0.774796633941094,0.0685751366086579
18,0.7809322892317281,0.06919192600804513
16,0.7834786504597165,0.06138426627009247
14,0.7846552127162225,0.053999706675206954
12,0.7913709677419355,0.05063232162493703
10,0.7796306685366995,0.05879756075818317
8,0.7637018856163317,0.05531569059788516
