n_features,auc_mean,auc_std
22,0.7917114695340502,0.04381968556018028
20,0.7708754090696586,0.061225198363660846
