n_features,auc_mean,auc_std
24,0.6874049400031168,0.03818135411357912
20,0.6861344865201808,0.04362872817355468
18,0.6812611033193081,0.04565199102673212
16,0.7007873616954964,0.03665132070006875
14,0.7086237727910238,0.04142976405872334
12,0.7276626538881097,0.03338829635462631
10,0.709954028362163,0.042299823171041306
