feature,importance
Faecalicoccus_pleomorphus,0.1391856487334268
Blautia_sp_CAG_257,0.1096504974211862
Citrobacter_portucalensis,0.10580408910950687
Clostridium_scindens,0.09543736960099052
Dialister_pneumosintes,0.0947579611640316
Dialister_invisus,0.08419653066625626
