n_features,auc_mean,auc_std
22,0.7064788842138071,0.05348090884089773
20,0.7091436808477483,0.05454138148998048
18,0.7084369643135421,0.05787576159392824
16,0.701442262739598,0.05107129847773686
14,0.7000983715131681,0.040118144182701626
12,0.7128966027738819,0.04429658828891815
10,0.7254677029764689,0.04620694869516979
8,0.7214847280660746,0.05695690369054591
6,0.7290065451145396,0.05059095138398337
4,0.6797208586566932,0.0674343979439875
