n_features,auc_mean,auc_std
25,0.7269693782141188,0.05519089986709402
20,0.7107519089917407,0.07123230898181511
