n_features,auc_mean,auc_std
55,0.660468482156771,0.025659511405116044
50,0.6477680380239987,0.040373710682280316
45,0.6260970858656693,0.024957928307841673
