n_features,auc_mean,auc_std
55,0.7826612903225806,0.06558675175988081
50,0.7784400810347514,0.0664569852605068
45,0.7784864422627396,0.058402811622605515
40,0.7966647187159109,0.06215926350618091
35,0.7939769362630512,0.043549427734075184
30,0.8006736013713572,0.04691488082636293
25,0.7908532024310425,0.05550878779264831
20,0.7793361383824218,0.0465978017011212
