n_features,auc_mean,auc_std
55,0.7535086489013558,0.08302671756198081
50,0.7593556178899797,0.08442358310683094
45,0.7490423874084463,0.07961882722903729
40,0.769121474209132,0.06501231194415866
35,0.7654503662147422,0.06159728585205127
30,0.7640178432289232,0.061624695828812734
25,0.7733099579242637,0.05121637154966255
20,0.785319853514103,0.06427805356152089
15,0.7384513791491352,0.07308299126249113
