n_features,auc_mean,auc_std
24,0.7606817827645317,0.06412241999984657
20,0.7387642200405173,0.05399185371777963
