n_features,auc_mean,auc_std
25,0.6801484338475923,0.023635364301899026
20,0.6693696431354216,0.015925265836826925
15,0.6823272167679602,0.013088542833501983
10,0.7113035686457847,0.014941061846929131
