feature,importance
Faecalicoccus_pleomorphus,0.1391856487334268
Blautia_sp_CAG_257,0.10965049742118614
Citrobacter_portucalensis,0.1058040891095069
Clostridium_scindens,0.09543736960099054
Dialister_pneumosintes,0.09475796116403161
Dialister_invisus,0.08419653066625632
Lactobacillus_farciminis,0.0670439923413581
Escherichia_coli,0.03868113995392694
Erysipelatoclostridium_ramosum,0.03247354435781092
Streptococcus_vestibularis,0.030003313020553743
