n_features,auc_mean,auc_std
24,0.7661582515194016,0.07875929757165237
20,0.7823211781206172,0.07367041704184289
18,0.7879530933458002,0.06649419675103906
16,0.7879421848215677,0.06894306056799582
14,0.7868556178899798,0.06666572219527843
12,0.7905567243260091,0.053295069712563196
10,0.7992169237961664,0.04953638229680263
8,0.7896906654199782,0.06104997892990686
6,0.777405719183419,0.06804967217996137
