feature,importance
Blautia_sp_CAG_257,0.07873597740862676
Erysipelatoclostridium_ramosum,0.07688583368243278
Dialister_invisus,0.06374600266025862
Streptococcus_vestibularis,0.05799020841377074
Clostridium_scindens,0.05246962536377563
Ruminococcus_bicirculans,0.050971799131985095
Dialister_pneumosintes,0.05089745959703011
Escherichia_coli,0.050663610583785317
Citrobacter_portucalensis,0.04775518869799334
Parabacteroides_merdae,0.04253403487577484
