n_features,auc_mean,auc_std
25,0.7414520024933771,0.07217431427883196
20,0.7475849306529531,0.07737675534340532
18,0.7442243260090384,0.0763069852846242
16,0.7492297802711547,0.0736566725234693
14,0.7500385694249649,0.07835829734354988
12,0.7576258376188252,0.07521878346463207
10,0.7631786660433224,0.08430540268288675
8,0.7564138226585632,0.08787903393822977
6,0.7461742247155991,0.04869896686885112
