fold,auc
1,0.7347222222222223
2,0.7694444444444444
3,0.7685834502103787
4,0.7896213183730716
5,0.7713884992987377
