fold,auc
1,0.8027777777777778
2,0.7694444444444445
3,0.7755960729312763
4,0.7769985974754559
5,0.7279102384291726
