,precision,recall,f1-score,support
0,0.8461538461538461,0.8461538461538461,0.8461538461538461,39.0
1,0.7931034482758621,0.7931034482758621,0.7931034482758621,29.0
accuracy,0.8235294117647058,0.8235294117647058,0.8235294117647058,0.8235294117647058
macro avg,0.8196286472148542,0.8196286472148542,0.8196286472148542,68.0
weighted avg,0.8235294117647058,0.8235294117647058,0.8235294117647058,68.0
