,Test AUC,CV AUC Mean,CV AUC Std
dense,0.8629531388152079,0.7705454262116255,0.02418697309391059
attention,0.8152077807250221,0.7667519869097708,0.017782086379548305
