n_features,auc_mean,auc_std
25,0.7414520024933771,0.07217431427883196
20,0.7306404862085086,0.09349321112241693
18,0.7108719027582983,0.07602864940352702
