n_features,auc_mean,auc_std
22,0.7630481533426835,0.06255545793962033
17,0.7809813775907746,0.06852767127274481
12,0.794685211157862,0.062480470293290485
7,0.8022342995169082,0.05981899889783668
