n_features,auc_mean,auc_std
22,0.7581872370266479,0.05533818728508088
20,0.800099345488546,0.04419780718021712
18,0.7694701573944212,0.05888694287511659
