n_features,auc_mean,auc_std
55,0.7445075580489326,0.028330574740491738
50,0.7447907900888265,0.027391561180887043
45,0.748453716690042,0.023455479984977646
40,0.7504172510518934,0.024052827978233254
35,0.7515365435561788,0.024019872530039208
30,0.7429008882655447,0.012060050022958273
25,0.7599326009038492,0.015214503515012141
20,0.7644915848527349,0.01632558335166832
15,0.7599871435250117,0.04088930627966312
10,0.7532959326788219,0.04216310616808373
