n_features,auc_mean,auc_std
32,0.6944662614929096,0.06211900638689536
28,0.7211481221754715,0.04293603508803037
24,0.7095603475144149,0.05301846914560655
20,0.7228163472027427,0.03846806393716882
18,0.7346178120617111,0.031957906233436834
16,0.7385107916471872,0.04077659008685618
14,0.7605602306373695,0.02829661035400458
12,0.7493238662926601,0.03853623017460781
10,0.734029530933458,0.03242778408886036
