n_features,auc_mean,auc_std
55,0.696985546205392,0.009165186058155606
50,0.6686029297179368,0.032686559243057633
