n_features,auc_mean,auc_std
25,0.671729195885928,0.046516271730033434
20,0.6704959482624279,0.07372029946067007
18,0.6727725183107371,0.0680342350264135
16,0.6394756116565373,0.05027653515948332
