n_features,auc_mean,auc_std
55,0.7413105812685055,0.04572457806054302
50,0.7413078541374474,0.04622950482050448
45,0.7427158329437432,0.048174924381834336
40,0.7438378525790869,0.046539822514474714
35,0.7527867383512545,0.050818324369436174
30,0.7396739130434783,0.06031694064411576
25,0.7658832008726819,0.05544274365636483
20,0.7883263207106124,0.043063991170567785
15,0.7759841047218328,0.04231008481311626
10,0.7573620850864891,0.04644184319164835
