n_features,auc_mean,auc_std
26,0.7650553218014648,0.032401571974229375
20,0.7566592644537946,0.017524953633278488
18,0.7634377434938445,0.030412912559474696
16,0.7705836060464393,0.008253626874040285
14,0.7651371357332086,0.03509812489811004
12,0.7333013869409382,0.05687409183230893
