fold,auc
1,0.8695652173913043
2,0.6577840112201963
3,0.7657784011220197
4,0.7041666666666667
5,0.7916666666666666
