fold,auc
1,0.8807854137447405
2,0.670406732117812
3,0.732117812061711
4,0.7666666666666667
5,0.7611111111111111
