,Test AUC,CV AUC Mean,CV AUC Std
dense,0.726790450928382,0.7622175471404082,0.06843183128233489
attention,0.7161803713527852,0.7577921926133706,0.07291337595444379
