n_features,auc_mean,auc_std
22,0.7171939769362631,0.012501682701272498
17,0.7374569502882967,0.014051149750462361
12,0.7442979585476078,0.031033098271709213
7,0.6543749026024622,0.03099027378429676
