n_features,auc_mean,auc_std
32,0.7038238273336451,0.02168357335761249
27,0.6958526180458158,0.03367822121094478
22,0.695760090384915,0.02083186204945364
17,0.6991709521583294,0.029421074747571257
12,0.6808660589060308,0.030835592985891228
