feature,importance
Faecalicoccus_pleomorphus,0.1473881775389734
Blautia_sp_CAG_257,0.11759031000638856
Citrobacter_portucalensis,0.11541133749073648
Dialister_pneumosintes,0.10269504942914663
Clostridium_scindens,0.10024434498866126
Dialister_invisus,0.08695196295306165
Lactobacillus_farciminis,0.06602456318259788
