n_features,auc_mean,auc_std
22,0.7115963456443821,0.05373322989106867
17,0.7257359357955432,0.06850808067746136
12,0.7407932055477636,0.0640801679388761
7,0.7414590151160979,0.0486964502424489
