n_features,auc_mean,auc_std
32,0.7820948262427926,0.06024695309522597
27,0.7725085709833255,0.0839662264562415
22,0.781234221598878,0.06872422875966915
17,0.7745566464079788,0.06785268024004422
12,0.7687151316814711,0.06882809292548421
7,0.7158306062022752,0.07765044575984827
