n_features,auc_mean,auc_std
55,0.7453985507246376,0.05733018314396844
50,0.7585822814399252,0.06597490960360226
45,0.7791487455197131,0.05042787767862084
40,0.7666405641265389,0.06922163524568233
35,0.7379858189184978,0.0937540785724855
