n_features,auc_mean,auc_std
22,0.8102489481065918,0.036022398093879755
17,0.8034431977559606,0.03797056173900302
12,0.808884603397226,0.017530902971202675
7,0.773059061866916,0.02718558169839916
