feature,importance
Faecalicoccus_pleomorphus,0.1391856487334268
Blautia_sp_CAG_257,0.1096504974211862
Citrobacter_portucalensis,0.10580408910950687
Clostridium_scindens,0.09543736960099052
Dialister_pneumosintes,0.0947579611640316
Dialister_invisus,0.08419653066625626
Lactobacillus_farciminis,0.0670439923413582
Escherichia_coli,0.03868113995392696
Erysipelatoclostridium_ramosum,0.03247354435781086
Streptococcus_vestibularis,0.030003313020553805
