n_features,auc_mean,auc_std
22,0.7679749103942652,0.05114390308645631
20,0.7735686457846346,0.05318498568407954
18,0.7727380395823593,0.052777539433307055
16,0.7839091475767492,0.05043422935008859
14,0.7866705625681784,0.04053504797272139
12,0.790622175471404,0.04347767533536372
10,0.7928471248246844,0.043043967685915625
8,0.7922397537790244,0.03924718201076597
6,0.7704530933458003,0.03645499821298793
