n_features,auc_mean,auc_std
55,0.7445075580489326,0.028330574740491738
50,0.7447880629577684,0.028101437466690887
45,0.7450712949976624,0.02715157547066041
40,0.7484564438211002,0.02374274517071675
35,0.7518361383824217,0.021378399773619657
30,0.756035530621786,0.020678578888508662
25,0.7738678510207262,0.022129436322809722
20,0.7769834034595606,0.01728509856566332
15,0.7767847124824685,0.02048524217129333
10,0.702998675393486,0.03801903054757327
