n_features,auc_mean,auc_std
32,0.683976157082749,0.02061328953364881
27,0.6993343852267415,0.029271668416641618
22,0.713842917251052,0.017256456680477174
17,0.7313581112669473,0.01065859665204405
12,0.7260296867695184,0.03401207981303489
7,0.738975183107371,0.03668229670398791
