n_features,auc_mean,auc_std
55,0.7459837151316815,0.04523295052912571
50,0.7451394732741156,0.04655020015904755
45,0.7429281595761259,0.04637829685996119
40,0.7446057347670251,0.04647629986040478
35,0.7585464391460184,0.04325885355884671
30,0.7650607760635811,0.045134937584598904
25,0.7714605734767025,0.037830749648994494
20,0.7751098644226274,0.042660189678759626
15,0.7555699703911485,0.04195866183658646
