n_features,auc_mean,auc_std
25,0.7414520024933771,0.07217431427883196
20,0.7495675549322113,0.07633788540944239
18,0.7498098800062334,0.07885390393503498
16,0.7526012934393018,0.08663317487489237
14,0.7528872526102541,0.08755421782110509
12,0.7463865513479819,0.09827707196121423
10,0.7326799906498364,0.09736061983508769
