n_features,auc_mean,auc_std
26,0.7712646096306686,0.027245271791725954
20,0.7803740065451146,0.021658008923812217
18,0.7837046127473897,0.0123252949471721
16,0.7651831073710456,0.03994411369350238
