n_features,auc_mean,auc_std
55,0.7499898706560698,0.059153777615491385
50,0.7494861305906186,0.07221884707961872
45,0.738513713573321,0.021404375967607952
40,0.7634159264453795,0.06465042503713415
35,0.7519261337073398,0.07410689121208401
30,0.7653330995792427,0.0611607784946805
25,0.7693824996104099,0.08489982668890665
20,0.7581517843228923,0.047506634572666934
15,0.7966596540439458,0.058393685235289525
10,0.7182659342371824,0.1067989853253095
