n_features,auc_mean,auc_std
32,0.7625935016362787,0.023465265905351335
28,0.7581626928471249,0.03056829231014923
24,0.7586364344709365,0.022011454553802365
20,0.7661746143057504,0.028230970928222944
18,0.7644834034595606,0.027864896990754357
16,0.7734295621006702,0.020027077098123163
14,0.7754394576905096,0.028590708894007676
12,0.7709813775907745,0.03113003997263966
10,0.7651071372915693,0.03508256844304197
8,0.756645628798504,0.07427702838912861
