n_features,auc_mean,auc_std
25,0.6677421302789466,0.040684513952693416
20,0.6516323827333645,0.037955071730587604
