n_features,auc_mean,auc_std
55,0.7769537946080722,0.047125174077478627
50,0.760583606046439,0.03255300954332022
