n_features,auc_mean,auc_std
32,0.7673753311516285,0.06472396632808888
27,0.7771739130434783,0.03321754068894083
22,0.7725903849150694,0.057691562162292695
17,0.7857495714508337,0.0498202647927892
12,0.8053794608072307,0.04835010335369163
7,0.7304686769518467,0.06913766315462778
