n_features,auc_mean,auc_std
32,0.7711746143057503,0.02417399762932844
28,0.7851125915536855,0.021966475578850758
24,0.7866351098644226,0.024077281376721306
20,0.7717601683029452,0.016821751247064472
18,0.7877244039270688,0.017643371304793615
16,0.77403693314633,0.01977341320379092
14,0.7636609786504597,0.017056053656655336
