feature,importance
Dialister_pneumosintes,0.11179588865447028
Blautia_sp_CAG_257,0.1113152233884624
Citrobacter_portucalensis,0.10827040611495879
Clostridium_scindens,0.10282354133765283
Ruminococcus_bicirculans,0.08448404154882005
Dialister_invisus,0.0742575450883003
Streptococcus_vestibularis,0.06430309580025642
Lactobacillus_farciminis,0.06231153712035659
Olsenella_sp_KGMB02461,0.05974562979993192
Eubacterium_rectale,0.034348748176913024
