n_features,auc_mean,auc_std
25,0.7700062334424187,0.04743235539902014
20,0.7761527972572854,0.0463413796278178
15,0.7633232039894031,0.048734327077530844
10,0.7767083528128409,0.0622338057088289
