n_features,auc_mean,auc_std
55,0.6356778868630201,0.04913138055018475
50,0.6279394576905096,0.03663209034381133
45,0.6330824372759858,0.062327351973359646
40,0.6194304191990027,0.0499830177123396
