n_features,auc_mean,auc_std
55,0.7759213807074957,0.053842138910808794
50,0.7866378369954807,0.030740589796871363
45,0.7838682406108773,0.05281317124302463
40,0.7771306685366994,0.05149576029878856
35,0.787966729001091,0.05504057976945337
30,0.8000611656537323,0.052538033380433516
25,0.795292582203522,0.056380414829884255
20,0.7838464235624124,0.027745708662408324
