n_features,auc_mean,auc_std
25,0.7487505843852267,0.07405751493363898
20,0.7528708898239053,0.0683041896631944
18,0.7418902914134332,0.09639659600757139
16,0.7382709989091476,0.08824349800901994
14,0.7495157394421069,0.09680259117515101
12,0.7741101760947483,0.07250223342591602
10,0.7661633161913668,0.11713635266733972
8,0.7617406887953873,0.07764659193777569
6,0.7557141187470781,0.05086870731934893
