n_features,auc_mean,auc_std
22,0.7767956210067009,0.05324492633320863
17,0.7846388499298738,0.04343239662207416
12,0.785513090229079,0.0275623127576408
7,0.734254324450678,0.016283417422036386
