n_features,auc_mean,auc_std
22,0.759167445846969,0.0371613962641442
17,0.7796197600124668,0.03874131905171433
12,0.7932663238273336,0.024719342091362173
7,0.8028007635966963,0.0395491119053982
