n_features,auc_mean,auc_std
32,0.7748020882032103,0.019599576411250205
28,0.791665108306062,0.04964918961975737
24,0.8021988468131525,0.03318078306245251
20,0.7918556178899798,0.04066177667304617
18,0.7958944989870655,0.048368822260395954
16,0.804946626149291,0.01687219670060179
14,0.8005212716222534,0.021643478393865087
12,0.7875066230325698,0.04954657189876467
