n_features,auc_mean,auc_std
26,0.7585737104565997,0.03149756510202716
20,0.7605945145706716,0.02717283254188745
18,0.7561309802088203,0.027597574870394374
16,0.7552676484338476,0.02346815752502975
14,0.760883200872682,0.026718201922045114
12,0.7322230014025246,0.05135790190163734
