n_features,auc_mean,auc_std
55,0.7445075580489326,0.028330574740491738
50,0.7431323048153343,0.026715507291042308
45,0.7359019011999377,0.02341905973220085
40,0.7400740221287204,0.02995311193518496
35,0.7394884681315256,0.02748277755320505
30,0.7400385694249649,0.03128065750982755
25,0.719390291413433,0.030427279539989128
