n_features,auc_mean,auc_std
25,0.7371898862396759,0.07029015166304989
20,0.7599435094280816,0.044898729683374404
18,0.7434537166900421,0.055880564298431225
