n_features,auc_mean,auc_std
55,0.7352431042543244,0.04077142355242038
50,0.7355236091631604,0.04058933702640948
45,0.739126538881097,0.036626753417574515
40,0.7410846189808321,0.035979351006439016
35,0.7486391616019947,0.0407911385036164
30,0.7391483559295622,0.038961854996229874
25,0.7522393641888734,0.03939110414519767
20,0.7709022907900889,0.029220753444838037
15,0.7636855228299829,0.032948410898017366
10,0.7414847280660745,0.026429033420891455
