n_features,auc_mean,auc_std
22,0.7951125915536854,0.07172738953215947
17,0.8089788842138071,0.06788254973027237
12,0.8031907433380084,0.06811547159569371
7,0.7816892628954341,0.04498994737301204
