n_features,auc_mean,auc_std
32,0.7603163472027428,0.06242903448111831
27,0.7653927068723703,0.048223844068384356
22,0.7742570515817361,0.0602531780684453
17,0.7868715910861773,0.051189858579266403
12,0.791907043789933,0.047713018007694036
7,0.7970243104254324,0.03171508393177492
