n_features,auc_mean,auc_std
25,0.6465357643758766,0.02085866571070625
20,0.6777491429016674,0.0284473538170071
15,0.6824470157394422,0.04715813414307976
10,0.6943655524388344,0.03890424555196325
