n_features,auc_mean,auc_std
25,0.7632877512856476,0.04940952481889851
20,0.7454663394109398,0.051019993263893414
