n_features,auc_mean,auc_std
32,0.7390552438834346,0.06585353141254256
27,0.7894288608383979,0.056139127657694105
22,0.7742188717469223,0.06462977578024244
