n_features,auc_mean,auc_std
105,0.585534950652293,0.030909309984835886
95,0.5602902049243645,0.02533781569524708
