n_features,auc_mean,auc_std
32,0.7038809022907901,0.03663219390007118
28,0.7340663472027428,0.03698239388447874
24,0.7196407978806295,0.032607380552928916
20,0.7183757986598099,0.03355534393269926
