n_features,auc_mean,auc_std
24,0.6861683808633318,0.0421889937386058
20,0.7124283154121864,0.04255372089345125
18,0.6937667523765,0.04152268360841362
