n_features,auc_mean,auc_std
32,0.7603163472027428,0.06242903448111831
27,0.7636578619292506,0.0631382840418787
22,0.7717052360916317,0.07122490100931744
17,0.7804608851488235,0.049109256041926584
12,0.7807550257129499,0.04536162648933719
7,0.7603845254791959,0.046117169106968094
