n_features,auc_mean,auc_std
105,0.576373078076211,0.020407481994420874
95,0.5928634718752323,0.03211571462292629
85,0.6089998742478179,0.04720205215686465
75,0.5998896878476241,0.027280471696294
65,0.6041427602251306,0.022286235538631176
55,0.6270910950159913,0.03265133551091523
45,0.6659180329595358,0.0224612053836798
35,0.6475233945919895,0.025294877860740146
