n_features,auc_mean,auc_std
55,0.7587642200405174,0.024886934308614148
50,0.7691510830606202,0.03143234933062736
45,0.7895106747701417,0.03185781618234466
40,0.7602485585164407,0.03925233383959751
