n_features,auc_mean,auc_std
24,0.7598129967274427,0.07073113986542318
20,0.7704421848215677,0.05906229952909825
18,0.7640342060152718,0.06819024507693432
16,0.7734650148044258,0.044979481943437545
14,0.7566919900264921,0.04144026430863145
