n_features,auc_mean,auc_std
26,0.7883072307932055,0.04982132891478766
20,0.7615638148667601,0.03467605599448608
