n_features,auc_mean,auc_std
55,0.7832499610409849,0.045826949562836
50,0.7612073398784478,0.037926720945770334
