n_features,auc_mean,auc_std
22,0.7907063269440548,0.027406461897943733
17,0.792773492286115,0.04700351267604208
12,0.8089146018388655,0.04510445937495352
7,0.7737209755337385,0.02635362503581155
