n_features,auc_mean,auc_std
32,0.764080177653109,0.035897381510310154
27,0.7661414991429016,0.07434856530750412
22,0.7724135109864422,0.049038928103970446
17,0.7746220975533739,0.07678810364623241
12,0.7510978650459716,0.07172218460039861
