feature,importance
Faecalicoccus_pleomorphus,0.14118748717101653
Blautia_sp_CAG_257,0.112062201386145
Citrobacter_portucalensis,0.10855308009450734
Clostridium_scindens,0.09703728000819316
Dialister_pneumosintes,0.09695719616329235
Dialister_invisus,0.08527464205317316
Lactobacillus_farciminis,0.06696469664320948
