n_features,auc_mean,auc_std
22,0.7864769362630513,0.049372681502005626
17,0.771798348137759,0.06842066788007264
12,0.7859704690665421,0.029486701288210886
7,0.7994183419043166,0.03164571007572645
