n_features,auc_mean,auc_std
22,0.760125837618825,0.09429138975778933
17,0.7884377434938445,0.06442887849499741
12,0.7971333956677575,0.07532266254976706
7,0.7798266323827334,0.07307161047092123
