n_features,auc_mean,auc_std
22,0.7141793283465795,0.027743436652153574
17,0.711225845410628,0.014530584459459232
12,0.7136903927068723,0.023168278681037394
7,0.6664582359357956,0.028272262968481083
