n_features,auc_mean,auc_std
55,0.7528930964625214,0.06515531705756182
50,0.7461527972572852,0.06739179506116344
45,0.773165419978183,0.03812683691453477
40,0.782362085086489,0.032633303754037425
35,0.7845052205080256,0.031387170274380254
30,0.7848866292660122,0.03111116838650886
25,0.8070656069814554,0.036959485548722686
20,0.792599345488546,0.048027096019659744
15,0.7820056100981768,0.05611569301610879
