n_features,auc_mean,auc_std
26,0.6944335359202121,0.06818712538135327
20,0.6965209599501325,0.07873637643117806
18,0.6962568178276454,0.06954834526478404
16,0.7015059607293128,0.08187289687053992
14,0.7092839333021661,0.06548984413051226
12,0.7041434860526726,0.06240993317454496
10,0.7238033738507091,0.050079446163221804
8,0.6889459638460338,0.06486643512762873
